"id","name","image","password","username","email","last_name"
1,"Dan","http://placehold.it/150x150","e99a18c428cb38d5f260853678922e03","Dan","dan@live.com","DaMan"
2,"Dude","http://placekitten.com/g/200/300","e99a18c428cb38d5f260853678922e03","Dude","dude@live.com","Bro"
3,"Sally","http://placekitten.com/g/150/150","e99a18c428cb38d5f260853678922e03","Sally","dan@theman.com","Sally"
13,"Billy","http://placehold.it/50x50","e99a18c428cb38d5f260853678922e03","Billy","billy@live.com","Dee"
14,"Rae","http://placekitten.com/g/500/500","e99a18c428cb38d5f260853678922e03","Rae","rae@live.com","Ray"
15,"Jon","http://placekitten.com/g/200/200","d41d8cd98f00b204e9800998ecf8427e",NULL,"joe@cool.com","Doe"
16,"Jon","http://placekitten.com/g/300/300","e99a18c428cb38d5f260853678922e03",NULL,"jay@live.com","Jay"
17,"Dan","http://placekitten.com/g/200/200","e99a18c428cb38d5f260853678922e03",NULL,"gill@live.com","Gill"
18,"Dan","http://placekitten.com/g/200/200","e99a18c428cb38d5f260853678922e03",NULL,"boi@live.com","Boi"
